history_id,event_id,event_type,segment_ids,start_step,duration_steps,intensity,kind
history_000,history_000_event_022,valve_transient,2,8,20,0.3403829652598684,disturbance
history_000,history_000_event_009,demand_spike,"1,2,3",170,59,0.6804835688143547,disturbance
history_000,history_000_event_005,abrupt_leak,1,294,236,0.723220772334511,leak
history_000,history_000_event_029,sensor_drift,3,588,3917,0.29549690902843145,disturbance
history_000,history_000_event_006,demand_spike,"1,2,3",592,149,0.6917398597280223,disturbance
history_000,history_000_event_030,sensor_drift,2,724,2742,0.7351574304892561,disturbance
history_000,history_000_event_011,demand_spike,"1,2,3",867,201,0.699302700862279,disturbance
history_000,history_000_event_001,slow_leak,1,1146,867,0.5052862960431378,leak
history_000,history_000_event_020,pump_wear,1,2011,2085,0.7859271248888873,disturbance
history_000,history_000_event_014,demand_spike,"1,2,3",2108,69,0.6324134311260864,disturbance
history_000,history_000_event_008,demand_spike,"1,2,3",2293,81,0.508686758147302,disturbance
history_000,history_000_event_015,demand_spike,"1,2,3",2438,160,0.841098221459039,disturbance
history_000,history_000_event_026,valve_transient,2,2643,78,0.4249704591485335,disturbance
history_000,history_000_event_010,demand_spike,"1,2,3",2662,60,0.8283320303893085,disturbance
history_000,history_000_event_003,borderline_leak,1,2905,1020,0.2229381054788949,leak
history_000,history_000_event_023,valve_transient,3,3036,108,0.6429282032180164,disturbance
history_000,history_000_event_024,valve_transient,1,3610,86,0.533576905857115,disturbance
history_000,history_000_event_018,pump_wear,1,3741,668,0.7701320524237156,disturbance
history_000,history_000_event_013,demand_spike,"1,2,3",4040,48,0.38747593010193837,disturbance
history_000,history_000_event_019,pump_wear,3,4187,1286,0.5181425298457927,disturbance
history_000,history_000_event_002,slow_leak,2,4192,2500,0.4209144076240906,leak
history_000,history_000_event_028,valve_transient,1,4549,44,0.6646811689860044,disturbance
history_000,history_000_event_031,sensor_drift,3,4681,1850,0.552873522729954,disturbance
history_000,history_000_event_021,valve_transient,1,4970,106,0.6861049659190543,disturbance
history_000,history_000_event_016,pump_wear,3,5236,1461,0.49660073605991173,disturbance
history_000,history_000_event_033,sensor_drift,1,5830,808,0.37310641251457977,disturbance
history_000,history_000_event_007,demand_spike,"1,2,3",6837,44,0.378603493227628,disturbance
history_000,history_000_event_004,borderline_leak,1,6974,1272,0.18502884092435087,leak
history_000,history_000_event_027,valve_transient,1,7291,48,0.48652639970373507,disturbance
history_000,history_000_event_032,sensor_drift,3,8034,1547,0.3940136844905919,disturbance
history_000,history_000_event_025,valve_transient,1,8314,22,0.6147001921443362,disturbance
history_000,history_000_event_000,slow_leak,1,8473,1275,0.41268486492620177,leak
history_000,history_000_event_017,pump_wear,1,8634,963,0.37666486697525614,disturbance
history_000,history_000_event_012,demand_spike,"1,2,3",9840,211,0.615124020839974,disturbance
history_001,history_001_event_012,demand_spike,"1,2,3",112,32,0.3908353887658197,disturbance
history_001,history_001_event_028,valve_transient,3,205,26,0.6000754183874495,disturbance
history_001,history_001_event_005,abrupt_leak,2,297,251,0.8751753335847661,leak
history_001,history_001_event_032,sensor_drift,1,377,3220,0.27881920772974517,disturbance
history_001,history_001_event_019,pump_wear,2,433,1728,0.6143481732845371,disturbance
history_001,history_001_event_033,sensor_drift,1,739,3210,0.2794231971683473,disturbance
history_001,history_001_event_000,slow_leak,1,768,1141,0.4860401356515691,leak
history_001,history_001_event_020,pump_wear,1,1022,1591,0.412718838076983,disturbance
history_001,history_001_event_016,pump_wear,3,1663,1867,0.48754795560536623,disturbance
history_001,history_001_event_015,demand_spike,"1,2,3",1975,234,0.3519482109410071,disturbance
history_001,history_001_event_029,sensor_drift,2,2046,4020,0.4808393196142276,disturbance
history_001,history_001_event_030,sensor_drift,2,2078,1197,0.6375438152135542,disturbance
history_001,history_001_event_007,demand_spike,"1,2,3",2453,53,0.8495731120930142,disturbance
history_001,history_001_event_017,pump_wear,2,2652,1393,0.6945288813392093,disturbance
history_001,history_001_event_004,borderline_leak,3,2898,1547,0.14775837315790624,leak
history_001,history_001_event_026,valve_transient,2,2919,77,0.7227885121773863,disturbance
history_001,history_001_event_003,borderline_leak,3,3197,1615,0.14520328174420888,leak
history_001,history_001_event_018,pump_wear,3,4323,1558,0.5395340328222995,disturbance
history_001,history_001_event_009,demand_spike,"1,2,3",5013,145,0.8319815358291316,disturbance
history_001,history_001_event_014,demand_spike,"1,2,3",5287,215,0.7359309255649227,disturbance
history_001,history_001_event_001,slow_leak,2,5576,1049,0.5578383228489965,leak
history_001,history_001_event_027,valve_transient,2,5756,79,0.5688828314079817,disturbance
history_001,history_001_event_031,sensor_drift,2,5794,2899,0.7127934859318816,disturbance
history_001,history_001_event_022,valve_transient,3,6704,93,0.5780893836763581,disturbance
history_001,history_001_event_011,demand_spike,"1,2,3",6873,159,0.5892132329069821,disturbance
history_001,history_001_event_013,demand_spike,"1,2,3",7166,138,0.8417155080149047,disturbance
history_001,history_001_event_006,demand_spike,"1,2,3",7374,67,0.6223554786795422,disturbance
history_001,history_001_event_008,demand_spike,"1,2,3",7536,209,0.6865494440483748,disturbance
history_001,history_001_event_002,slow_leak,2,7937,1376,0.6049870086988156,leak
history_001,history_001_event_023,valve_transient,1,9386,24,0.6045355210992198,disturbance
history_001,history_001_event_021,valve_transient,3,9528,65,0.7417261280889039,disturbance
history_001,history_001_event_010,demand_spike,"1,2,3",9710,160,0.7078068050430266,disturbance
history_001,history_001_event_025,valve_transient,3,9867,53,0.5982673747983462,disturbance
history_001,history_001_event_024,valve_transient,3,9978,66,0.7793893545001696,disturbance
history_002,history_002_event_004,borderline_leak,3,38,1693,0.17046996754468996,leak
history_002,history_002_event_019,pump_wear,3,147,1899,0.7641940570293922,disturbance
history_002,history_002_event_030,sensor_drift,1,322,934,0.276212944253787,disturbance
history_002,history_002_event_029,sensor_drift,2,529,2839,0.6492516379347589,disturbance
history_002,history_002_event_033,sensor_drift,1,1060,3630,0.4614049721233238,disturbance
history_002,history_002_event_031,sensor_drift,3,1155,3283,0.5482960696517236,disturbance
history_002,history_002_event_008,demand_spike,"1,2,3",1844,140,0.40658549668037897,disturbance
history_002,history_002_event_007,demand_spike,"1,2,3",2141,127,0.5155876721068746,disturbance
history_002,history_002_event_023,valve_transient,2,2143,59,0.33992099167516765,disturbance
history_002,history_002_event_016,pump_wear,1,2251,625,0.607490916780285,disturbance
history_002,history_002_event_012,demand_spike,"1,2,3",2343,124,0.5707855780858013,disturbance
history_002,history_002_event_000,slow_leak,2,2580,1511,0.4989747380285415,leak
history_002,history_002_event_011,demand_spike,"1,2,3",2720,218,0.4950234622926314,disturbance
history_002,history_002_event_013,demand_spike,"1,2,3",3581,165,0.5829766410311822,disturbance
history_002,history_002_event_025,valve_transient,3,3650,54,0.3568722653412508,disturbance
history_002,history_002_event_028,valve_transient,1,3933,34,0.7206091683673153,disturbance
history_002,history_002_event_014,demand_spike,"1,2,3",3974,193,0.8441420817284682,disturbance
history_002,history_002_event_017,pump_wear,2,4158,714,0.7179203008296486,disturbance
history_002,history_002_event_032,sensor_drift,3,4176,2252,0.4309193603932269,disturbance
history_002,history_002_event_005,abrupt_leak,2,4345,344,0.7721674661261171,leak
history_002,history_002_event_006,demand_spike,"1,2,3",4756,67,0.7083919680297749,disturbance
history_002,history_002_event_010,demand_spike,"1,2,3",4901,130,0.5795973956978253,disturbance
history_002,history_002_event_001,slow_leak,3,5105,2287,0.43791051584075763,leak
history_002,history_002_event_018,pump_wear,2,5579,1079,0.48251570383042125,disturbance
history_002,history_002_event_015,demand_spike,"1,2,3",5970,112,0.585936309066398,disturbance
history_002,history_002_event_003,borderline_leak,2,5984,2360,0.1827504536993986,leak
history_002,history_002_event_026,valve_transient,2,6666,78,0.44127040046338867,disturbance
history_002,history_002_event_020,pump_wear,1,6779,1954,0.7472333166562002,disturbance
history_002,history_002_event_002,slow_leak,2,7865,1694,0.4310316926554685,leak
history_002,history_002_event_027,valve_transient,3,8181,70,0.7341720504550521,disturbance
history_002,history_002_event_022,valve_transient,1,9140,115,0.44633529816736117,disturbance
history_002,history_002_event_009,demand_spike,"1,2,3",9708,166,0.48326928851102535,disturbance
history_002,history_002_event_024,valve_transient,2,9798,105,0.4851302067896753,disturbance
history_002,history_002_event_021,valve_transient,1,9980,80,0.5077645994340276,disturbance
history_003,history_003_event_014,demand_spike,"1,2,3",11,94,0.5177195395295119,disturbance
history_003,history_003_event_006,demand_spike,"1,2,3",170,177,0.8577976428867989,disturbance
history_003,history_003_event_023,valve_transient,1,420,52,0.6615776533931444,disturbance
history_003,history_003_event_007,demand_spike,"1,2,3",540,215,0.804895656716132,disturbance
history_003,history_003_event_022,valve_transient,3,815,47,0.5483861368290373,disturbance
history_003,history_003_event_005,abrupt_leak,1,995,235,0.8121415039046936,leak
history_003,history_003_event_025,valve_transient,1,1092,60,0.5618279238667961,disturbance
history_003,history_003_event_015,demand_spike,"1,2,3",1169,140,0.5068139540670068,disturbance
history_003,history_003_event_011,demand_spike,"1,2,3",1309,95,0.3968765207763362,disturbance
history_003,history_003_event_021,valve_transient,3,1478,100,0.6725671861478719,disturbance
history_003,history_003_event_001,slow_leak,3,1655,978,0.5607672747929822,leak
history_003,history_003_event_028,valve_transient,1,2708,26,0.7556116090393156,disturbance
history_003,history_003_event_003,borderline_leak,3,2813,1958,0.21063452981214825,leak
history_003,history_003_event_016,pump_wear,1,2902,581,0.4994172702415789,disturbance
history_003,history_003_event_004,borderline_leak,2,3294,1766,0.10869434753930116,leak
history_003,history_003_event_017,pump_wear,1,3738,407,0.3662762300180398,disturbance
history_003,history_003_event_031,sensor_drift,2,3980,1001,0.43678702481191506,disturbance
history_003,history_003_event_018,pump_wear,1,4038,2153,0.46008896687212014,disturbance
history_003,history_003_event_024,valve_transient,3,4835,74,0.6119360550261506,disturbance
history_003,history_003_event_000,slow_leak,3,4962,1377,0.34958276949160827,leak
history_003,history_003_event_030,sensor_drift,1,6086,978,0.31611038517281964,disturbance
history_003,history_003_event_010,demand_spike,"1,2,3",6413,79,0.36068096891511364,disturbance
history_003,history_003_event_008,demand_spike,"1,2,3",6578,50,0.7445008623907324,disturbance
history_003,history_003_event_009,demand_spike,"1,2,3",6705,172,0.4500876250158658,disturbance
history_003,history_003_event_032,sensor_drift,3,6762,2706,0.5541825515956998,disturbance
history_003,history_003_event_020,pump_wear,3,6780,729,0.3506458216040565,disturbance
history_003,history_003_event_002,slow_leak,2,7098,2863,0.519424888033102,leak
history_003,history_003_event_029,sensor_drift,3,7149,1735,0.5104708806771279,disturbance
history_003,history_003_event_027,valve_transient,1,7218,112,0.7935592601711907,disturbance
history_003,history_003_event_019,pump_wear,1,8432,800,0.6547564360079866,disturbance
history_003,history_003_event_033,sensor_drift,3,8530,1514,0.25783049819430376,disturbance
history_003,history_003_event_012,demand_spike,"1,2,3",9551,218,0.6315832803866231,disturbance
history_003,history_003_event_013,demand_spike,"1,2,3",9666,207,0.5454020709173638,disturbance
history_003,history_003_event_026,valve_transient,1,10032,38,0.7477791492397419,disturbance
history_004,history_004_event_009,demand_spike,"1,2,3",67,183,0.529565107971272,disturbance
history_004,history_004_event_012,demand_spike,"1,2,3",261,227,0.850317552258655,disturbance
history_004,history_004_event_004,borderline_leak,3,318,2392,0.1115008006798186,leak
history_004,history_004_event_030,sensor_drift,1,388,3202,0.308620984744358,disturbance
history_004,history_004_event_029,sensor_drift,1,591,2903,0.6878560381263779,disturbance
history_004,history_004_event_023,valve_transient,2,653,114,0.5017165803167796,disturbance
history_004,history_004_event_032,sensor_drift,2,1085,611,0.4636823300699263,disturbance
history_004,history_004_event_011,demand_spike,"1,2,3",1783,161,0.5783073489096224,disturbance
history_004,history_004_event_018,pump_wear,1,2176,567,0.6169148940391491,disturbance
history_004,history_004_event_003,borderline_leak,3,2211,728,0.20874199918664912,leak
history_004,history_004_event_016,pump_wear,1,2260,651,0.5569927433458278,disturbance
history_004,history_004_event_024,valve_transient,3,3001,37,0.5367001321075959,disturbance
history_004,history_004_event_002,slow_leak,3,3160,1180,0.49074366953305165,leak
history_004,history_004_event_031,sensor_drift,2,3207,1270,0.2630253861402733,disturbance
history_004,history_004_event_026,valve_transient,2,3524,116,0.489806755337527,disturbance
history_004,history_004_event_014,demand_spike,"1,2,3",3570,38,0.8436640329868547,disturbance
history_004,history_004_event_019,pump_wear,2,3695,2015,0.655573104083844,disturbance
history_004,history_004_event_006,demand_spike,"1,2,3",4529,154,0.6284867192083705,disturbance
history_004,history_004_event_007,demand_spike,"1,2,3",4751,89,0.7687671667116038,disturbance
history_004,history_004_event_001,slow_leak,1,4920,2505,0.45271187129532847,leak
history_004,history_004_event_027,valve_transient,3,5082,39,0.5357968250583691,disturbance
history_004,history_004_event_005,abrupt_leak,3,5196,310,0.7693059000375777,leak
history_004,history_004_event_021,valve_transient,2,5722,68,0.37379124104774,disturbance
history_004,history_004_event_028,valve_transient,1,5824,76,0.4101342481124348,disturbance
history_004,history_004_event_033,sensor_drift,1,5927,1448,0.3292089136059063,disturbance
history_004,history_004_event_010,demand_spike,"1,2,3",7553,89,0.8634164725147985,disturbance
history_004,history_004_event_008,demand_spike,"1,2,3",7732,43,0.8680616318885443,disturbance
history_004,history_004_event_013,demand_spike,"1,2,3",7849,85,0.8797815936996881,disturbance
history_004,history_004_event_017,pump_wear,1,7854,1947,0.41686480995583636,disturbance
history_004,history_004_event_000,slow_leak,3,8024,2006,0.3493909033334433,leak
history_004,history_004_event_020,pump_wear,1,8102,671,0.6670533908042553,disturbance
history_004,history_004_event_015,demand_spike,"1,2,3",9081,131,0.4531282639313476,disturbance
history_004,history_004_event_022,valve_transient,1,9205,55,0.4402108573751786,disturbance
history_004,history_004_event_025,valve_transient,3,9475,105,0.36344970789893327,disturbance
history_005,history_005_event_002,slow_leak,3,99,1579,0.45790661844997793,leak
history_005,history_005_event_031,sensor_drift,1,1673,1659,0.7288194229853179,disturbance
history_005,history_005_event_022,valve_transient,2,1756,15,0.328822629277245,disturbance
history_005,history_005_event_007,demand_spike,"1,2,3",1868,104,0.49326140397318174,disturbance
history_005,history_005_event_025,valve_transient,2,2096,22,0.5547094710344924,disturbance
history_005,history_005_event_000,slow_leak,3,2188,1738,0.3477156082058943,leak
history_005,history_005_event_024,valve_transient,3,2255,90,0.7707087937225947,disturbance
history_005,history_005_event_033,sensor_drift,1,2379,2382,0.3869032208438052,disturbance
history_005,history_005_event_029,sensor_drift,2,2448,3598,0.4240179891312654,disturbance
history_005,history_005_event_028,valve_transient,2,3687,31,0.4796907022121322,disturbance
history_005,history_005_event_015,demand_spike,"1,2,3",4023,90,0.4274041959187624,disturbance
history_005,history_005_event_017,pump_wear,3,4056,923,0.5359364188929676,disturbance
history_005,history_005_event_010,demand_spike,"1,2,3",4217,133,0.7935398885159748,disturbance
history_005,history_005_event_019,pump_wear,2,4365,1985,0.49072774770971667,disturbance
history_005,history_005_event_001,slow_leak,2,4629,1217,0.6355156574726063,leak
history_005,history_005_event_027,valve_transient,1,5015,110,0.4155677457589856,disturbance
history_005,history_005_event_018,pump_wear,3,5055,2038,0.5010302052443731,disturbance
history_005,history_005_event_026,valve_transient,3,5452,95,0.5194565300968272,disturbance
history_005,history_005_event_014,demand_spike,"1,2,3",5629,211,0.578881184449953,disturbance
history_005,history_005_event_004,borderline_leak,3,5743,2348,0.10395766985571646,leak
history_005,history_005_event_032,sensor_drift,1,5841,1556,0.36064699722875276,disturbance
history_005,history_005_event_003,borderline_leak,2,6111,1631,0.18959252767439538,leak
history_005,history_005_event_016,pump_wear,1,6207,919,0.6471847228385801,disturbance
history_005,history_005_event_020,pump_wear,3,7128,1356,0.5333010991242066,disturbance
history_005,history_005_event_030,sensor_drift,1,7288,2780,0.4908925750213995,disturbance
history_005,history_005_event_009,demand_spike,"1,2,3",8217,103,0.8618557970173747,disturbance
history_005,history_005_event_006,demand_spike,"1,2,3",8454,65,0.4495442173112383,disturbance
history_005,history_005_event_021,valve_transient,1,8598,59,0.6840316659685566,disturbance
history_005,history_005_event_008,demand_spike,"1,2,3",8727,194,0.8289046886074091,disturbance
history_005,history_005_event_012,demand_spike,"1,2,3",8987,106,0.5033040161416088,disturbance
history_005,history_005_event_023,valve_transient,2,9247,38,0.7463132098464819,disturbance
history_005,history_005_event_011,demand_spike,"1,2,3",9369,211,0.45453552075773146,disturbance
history_005,history_005_event_005,abrupt_leak,1,9651,108,0.9453459329200675,leak
history_005,history_005_event_013,demand_spike,"1,2,3",9832,187,0.43711482215013825,disturbance
history_006,history_006_event_006,demand_spike,"1,2,3",57,39,0.41507425855415875,disturbance
history_006,history_006_event_005,abrupt_leak,3,172,318,0.8489038114147587,leak
history_006,history_006_event_025,valve_transient,1,554,38,0.5699822238864332,disturbance
history_006,history_006_event_001,slow_leak,3,676,2746,0.5480667879728585,leak
history_006,history_006_event_023,valve_transient,2,805,88,0.40202866203050414,disturbance
history_006,history_006_event_032,sensor_drift,1,899,2291,0.6191745880631948,disturbance
history_006,history_006_event_017,pump_wear,2,1141,1410,0.4703900191296718,disturbance
history_006,history_006_event_033,sensor_drift,2,1705,2127,0.739447147330935,disturbance
history_006,history_006_event_019,pump_wear,3,2271,680,0.7367632716314613,disturbance
history_006,history_006_event_010,demand_spike,"1,2,3",2356,205,0.7844824383099185,disturbance
history_006,history_006_event_026,valve_transient,2,2570,111,0.4911423580341086,disturbance
history_006,history_006_event_013,demand_spike,"1,2,3",3496,60,0.7789680017621718,disturbance
history_006,history_006_event_015,demand_spike,"1,2,3",3594,167,0.663522832179349,disturbance
history_006,history_006_event_007,demand_spike,"1,2,3",3693,206,0.5210218072642365,disturbance
history_006,history_006_event_030,sensor_drift,1,3832,1521,0.5379217491325297,disturbance
history_006,history_006_event_011,demand_spike,"1,2,3",3968,172,0.5211112439865127,disturbance
history_006,history_006_event_000,slow_leak,1,4043,2233,0.6335661782230262,leak
history_006,history_006_event_018,pump_wear,3,4136,1273,0.5081828225898473,disturbance
history_006,history_006_event_021,valve_transient,1,4195,119,0.5751113881445848,disturbance
history_006,history_006_event_024,valve_transient,2,5304,102,0.3974130712001854,disturbance
history_006,history_006_event_020,pump_wear,3,5569,488,0.3655057404019165,disturbance
history_006,history_006_event_031,sensor_drift,1,5885,3492,0.3818875682437822,disturbance
history_006,history_006_event_027,valve_transient,3,5978,26,0.6237002356455974,disturbance
history_006,history_006_event_029,sensor_drift,1,6288,1535,0.5183977315819829,disturbance
history_006,history_006_event_009,demand_spike,"1,2,3",6418,125,0.5467723080634971,disturbance
history_006,history_006_event_003,borderline_leak,1,6661,697,0.12697297780731037,leak
history_006,history_006_event_028,valve_transient,1,7130,45,0.43970526531873383,disturbance
history_006,history_006_event_008,demand_spike,"1,2,3",7424,54,0.36007206246209383,disturbance
history_006,history_006_event_004,borderline_leak,2,7588,1788,0.10853669319900097,leak
history_006,history_006_event_016,pump_wear,1,7599,489,0.4130017416910407,disturbance
history_006,history_006_event_002,slow_leak,1,7835,2230,0.39726328901601016,leak
history_006,history_006_event_022,valve_transient,3,8101,57,0.7366497017819081,disturbance
history_006,history_006_event_014,demand_spike,"1,2,3",9551,132,0.6027550071107182,disturbance
history_006,history_006_event_012,demand_spike,"1,2,3",9950,122,0.7063915869968035,disturbance
history_007,history_007_event_023,valve_transient,3,78,44,0.4989876404920309,disturbance
history_007,history_007_event_002,slow_leak,3,193,973,0.4962759442120037,leak
history_007,history_007_event_010,demand_spike,"1,2,3",1228,106,0.833053800110104,disturbance
history_007,history_007_event_004,borderline_leak,1,1437,1611,0.13052522498434646,leak
history_007,history_007_event_017,pump_wear,1,1549,1058,0.6131407299449732,disturbance
history_007,history_007_event_029,sensor_drift,3,2159,1288,0.42808490948651323,disturbance
history_007,history_007_event_022,valve_transient,3,2391,108,0.5992199140884082,disturbance
history_007,history_007_event_032,sensor_drift,3,2601,1166,0.3996619288005443,disturbance
history_007,history_007_event_020,pump_wear,2,2667,2110,0.6842659899164164,disturbance
history_007,history_007_event_009,demand_spike,"1,2,3",3119,68,0.6332228649737124,disturbance
history_007,history_007_event_030,sensor_drift,1,3296,1774,0.4182010283307944,disturbance
history_007,history_007_event_003,borderline_leak,3,3370,605,0.22669640332460342,leak
history_007,history_007_event_019,pump_wear,1,3429,1194,0.45787323755400444,disturbance
history_007,history_007_event_028,valve_transient,2,3904,98,0.39308719563131483,disturbance
history_007,history_007_event_011,demand_spike,"1,2,3",4095,58,0.5649906473406905,disturbance
history_007,history_007_event_000,slow_leak,2,4219,2867,0.4581019998830576,leak
history_007,history_007_event_031,sensor_drift,2,4806,3306,0.46588349433699766,disturbance
history_007,history_007_event_015,demand_spike,"1,2,3",6267,180,0.5274326307669531,disturbance
history_007,history_007_event_026,valve_transient,1,6302,18,0.7550971792691998,disturbance
history_007,history_007_event_013,demand_spike,"1,2,3",6812,141,0.7796240558094057,disturbance
history_007,history_007_event_025,valve_transient,2,7071,57,0.7082818251132597,disturbance
history_007,history_007_event_014,demand_spike,"1,2,3",7079,129,0.6146828267381665,disturbance
history_007,history_007_event_018,pump_wear,2,7162,1304,0.7183106762191567,disturbance
history_007,history_007_event_007,demand_spike,"1,2,3",7168,147,0.40745286182552726,disturbance
history_007,history_007_event_016,pump_wear,2,7199,948,0.6084687340434554,disturbance
history_007,history_007_event_033,sensor_drift,1,7262,2600,0.6618170989797627,disturbance
history_007,history_007_event_001,slow_leak,3,7385,1572,0.4112413266486477,leak
history_007,history_007_event_021,valve_transient,1,9030,22,0.33281132096798327,disturbance
history_007,history_007_event_006,demand_spike,"1,2,3",9120,180,0.6100435460418471,disturbance
history_007,history_007_event_027,valve_transient,2,9244,75,0.4012577693875806,disturbance
history_007,history_007_event_012,demand_spike,"1,2,3",9448,86,0.8168829572402541,disturbance
history_007,history_007_event_005,abrupt_leak,1,9610,322,0.9728137980575092,leak
history_007,history_007_event_024,valve_transient,2,9914,111,0.4656380282191528,disturbance
history_007,history_007_event_008,demand_spike,"1,2,3",10003,43,0.40309846792347515,disturbance
