timestamp,segment_id,pressure,flow_rate,temperature,valve_status,pump_state,pump_speed,compressor_state,energy_consumption,alarm_triggered,event_type,target
2024-01-01T00:00:00,1,67.92,3.225,26.411,1,0,0.0,1,85.12,0,normal,0
2024-01-01T00:01:00,1,71.556,3.02,26.691,1,1,1277.3,1,113.11,0,normal,0
2024-01-01T00:02:00,1,68.638,3.367,24.768,1,1,1233.4,1,86.17,0,normal,0
2024-01-01T00:03:00,1,69.187,2.846,23.779,1,1,1065.0,1,89.08,0,normal,0
2024-01-01T00:04:00,1,71.086,2.8,25.348,1,1,1341.2,1,88.0,0,warning,0
2024-01-01T00:05:00,1,71.263,2.563,24.52,1,1,1069.9,1,106.74,0,normal,0
2024-01-01T00:06:00,1,69.33,3.049,25.879,1,1,1015.4,1,88.58,0,normal,0
2024-01-01T00:07:00,1,67.733,2.724,25.746,1,1,1278.5,1,106.57,0,normal,0
2024-01-01T00:08:00,1,68.676,2.891,24.427,1,1,1080.6,1,86.09,0,normal,0
2024-01-01T00:09:00,1,69.803,2.873,24.88,1,1,1059.0,0,116.34,0,normal,0
2024-01-01T00:10:00,1,72.598,2.893,26.106,1,1,1048.2,0,98.23,0,normal,0
2024-01-01T00:11:00,1,70.475,2.822,22.831,1,1,1216.0,1,103.36,0,normal,0
2024-01-01T00:12:00,1,65.359,2.466,27.039,1,1,1051.7,1,86.82,0,fault,1
2024-01-01T00:13:00,1,67.247,3.191,24.667,0,1,1391.4,1,99.47,0,normal,0
2024-01-01T00:14:00,1,68.021,2.36,25.402,1,1,1219.5,1,113.05,0,normal,0
2024-01-01T00:15:00,1,67.929,2.498,24.271,1,1,1363.5,1,84.31,0,normal,0
2024-01-01T00:16:00,1,68.07,2.782,28.193,1,1,1158.6,0,91.64,0,normal,0
2024-01-01T00:17:00,1,68.69,3.134,24.318,1,0,0.0,1,115.63,0,normal,0
2024-01-01T00:18:00,1,72.612,3.066,24.384,1,1,1373.4,1,117.47,0,normal,0
2024-01-01T00:19:00,1,73.447,2.946,24.425,1,1,1098.2,1,111.1,0,normal,0
2024-01-01T00:20:00,1,69.673,3.101,27.111,1,1,1060.9,1,107.77,0,normal,0
2024-01-01T00:21:00,1,69.332,3.275,23.01,1,1,1463.8,1,92.04,0,normal,0
2024-01-01T00:22:00,1,72.675,2.954,23.956,1,1,1317.0,1,85.61,0,normal,0
2024-01-01T00:23:00,1,73.754,2.744,24.569,1,1,1008.9,1,113.18,0,normal,0
2024-01-01T00:24:00,1,69.675,2.681,24.206,1,1,1326.0,1,98.16,0,normal,0
2024-01-01T00:25:00,1,67.806,3.551,29.358,1,1,1073.1,1,92.41,0,normal,0
2024-01-01T00:26:00,1,70.87,2.887,24.799,1,1,1027.7,1,82.14,0,normal,0
2024-01-01T00:27:00,1,70.311,3.106,25.08,1,1,1021.7,1,89.47,0,normal,0
2024-01-01T00:28:00,1,70.772,2.771,23.331,1,1,1462.4,1,113.74,0,normal,0
2024-01-01T00:29:00,1,69.057,3.079,25.079,1,1,1268.0,1,114.3,0,normal,0
2024-01-01T00:30:00,1,70.353,3.089,24.442,1,1,1116.3,1,94.66,0,normal,0
2024-01-01T00:31:00,1,67.894,2.9,26.95,0,1,1164.2,1,113.94,0,normal,0
2024-01-01T00:32:00,1,69.407,3.02,23.954,1,1,1347.4,1,85.28,0,normal,0
2024-01-01T00:33:00,1,68.641,2.619,22.642,1,0,0.0,1,111.3,0,fault,1
2024-01-01T00:34:00,1,70.066,2.635,23.993,1,1,1282.5,1,98.64,0,normal,0
2024-01-01T00:35:00,1,70.828,3.485,21.905,0,1,1058.6,1,106.31,0,normal,0
2024-01-01T00:36:00,1,71.628,3.321,25.349,1,1,1182.1,1,86.3,0,normal,0
2024-01-01T00:37:00,1,67.883,2.962,27.222,1,1,1390.2,1,95.05,0,normal,0
2024-01-01T00:38:00,1,71.684,3.166,28.491,1,1,1294.1,1,80.49,0,normal,0
2024-01-01T00:39:00,1,67.497,2.52,23.809,1,1,1390.6,1,119.88,0,normal,0
2024-01-01T00:40:00,1,70.919,3.211,25.207,1,1,1014.5,1,85.72,0,normal,0
2024-01-01T00:41:00,1,69.213,3.156,24.601,1,1,1303.0,1,89.54,0,normal,0
2024-01-01T00:42:00,1,66.499,2.315,25.297,1,1,1020.1,1,85.0,1,fault,1
2024-01-01T00:43:00,1,70.184,2.749,24.108,1,1,1135.4,1,119.21,0,normal,0
2024-01-01T00:44:00,1,62.919,2.542,24.803,1,1,1045.9,1,119.2,1,fault,1
2024-01-01T00:45:00,1,69.622,3.099,25.543,0,1,1289.0,1,105.97,0,normal,0
2024-01-01T00:46:00,1,69.738,3.105,27.927,1,1,1139.0,1,97.12,0,normal,0
2024-01-01T00:47:00,1,70.628,2.75,22.616,1,1,1018.0,1,98.97,0,normal,0
2024-01-01T00:48:00,1,70.695,2.878,24.573,1,1,1393.7,1,97.26,0,normal,0
2024-01-01T00:49:00,1,70.446,3.43,25.137,0,1,1260.1,1,92.58,0,normal,0
2024-01-01T00:50:00,1,71.225,3.2,26.628,1,1,1167.1,1,92.56,0,normal,0
2024-01-01T00:51:00,1,61.018,1.951,27.046,1,1,1059.8,1,118.34,0,fault,1
2024-01-01T00:52:00,1,68.881,3.14,22.659,1,1,1005.4,1,101.0,0,normal,0
2024-01-01T00:53:00,1,71.796,3.489,23.545,1,0,0.0,1,95.7,0,warning,0
2024-01-01T00:54:00,1,70.516,3.469,24.457,1,1,1022.3,1,91.68,0,normal,0
2024-01-01T00:55:00,1,65.211,2.764,22.47,1,1,1324.6,1,110.52,0,warning,0
2024-01-01T00:56:00,1,71.414,3.199,25.578,1,1,1426.0,1,116.38,0,normal,0
2024-01-01T00:57:00,1,67.511,2.733,24.894,0,1,1088.8,1,87.66,0,warning,0
2024-01-01T00:58:00,1,71.097,3.056,22.828,1,1,1351.5,1,119.27,0,normal,0
2024-01-01T00:59:00,1,69.495,3.109,21.385,0,1,1433.4,1,109.3,0,normal,0
2024-01-01T01:00:00,1,70.471,3.483,23.166,1,1,1375.0,1,84.95,0,warning,0
2024-01-01T01:01:00,1,68.959,3.244,25.362,0,1,1396.8,1,102.22,0,normal,0
2024-01-01T01:02:00,1,71.526,3.134,22.472,1,1,1337.7,1,110.95,0,normal,0
2024-01-01T01:03:00,1,71.428,3.072,24.079,1,1,1002.3,1,107.09,0,warning,0
2024-01-01T01:04:00,1,69.177,3.409,23.439,1,1,1426.7,1,103.61,0,normal,0
2024-01-01T01:05:00,1,69.62,2.666,25.869,1,1,1403.7,0,91.85,0,normal,0
2024-01-01T01:06:00,1,71.231,2.481,25.247,0,1,1067.2,1,82.69,0,normal,0
2024-01-01T01:07:00,1,63.262,2.453,26.819,1,0,0.0,1,91.38,0,fault,1
2024-01-01T01:08:00,1,66.769,3.145,24.216,1,1,1326.7,1,89.65,0,normal,0
2024-01-01T01:09:00,1,74.765,3.126,25.582,1,1,1238.1,0,106.98,0,normal,0
2024-01-01T01:10:00,1,69.129,2.856,26.186,1,1,1477.7,1,97.32,0,warning,0
2024-01-01T01:11:00,1,68.347,2.765,21.519,1,1,1258.0,1,82.04,0,normal,0
2024-01-01T01:12:00,1,72.098,2.707,23.634,1,1,1208.3,1,84.48,0,normal,0
2024-01-01T01:13:00,1,64.579,2.035,22.655,1,1,1420.6,1,92.9,1,fault,1
2024-01-01T01:14:00,1,68.154,3.438,25.424,0,1,1230.4,1,86.02,0,warning,0
2024-01-01T01:15:00,1,70.556,3.047,26.167,1,1,1310.1,1,102.77,0,normal,0
2024-01-01T01:16:00,1,70.198,3.279,27.696,1,1,1427.7,1,116.75,0,normal,0
2024-01-01T01:17:00,1,73.57,3.341,23.619,1,1,1300.4,1,96.56,0,normal,0
2024-01-01T01:18:00,1,65.682,1.865,25.125,1,1,1354.0,1,92.69,0,fault,1
2024-01-01T01:19:00,1,70.024,3.061,23.36,1,1,1495.9,1,80.66,0,normal,0
2024-01-01T01:20:00,1,70.023,3.075,25.066,1,1,1136.6,1,103.78,0,normal,0
2024-01-01T01:21:00,1,66.427,2.963,26.494,1,1,1126.8,1,102.14,0,normal,0
2024-01-01T01:22:00,1,72.575,3.33,24.802,0,1,1257.3,1,111.84,0,normal,0
2024-01-01T01:23:00,1,68.744,3.093,24.397,1,1,1480.8,1,87.98,0,normal,0
2024-01-01T01:24:00,1,67.676,2.365,22.207,1,1,1258.5,1,109.25,0,normal,0
2024-01-01T01:25:00,1,67.744,2.886,23.871,1,1,1102.2,1,80.93,0,normal,0
2024-01-01T01:26:00,1,73.507,2.972,25.197,1,1,1290.5,1,104.07,0,normal,0
2024-01-01T01:27:00,1,71.817,3.009,25.418,1,1,1342.3,1,118.2,0,normal,0
2024-01-01T01:28:00,1,64.883,2.425,23.96,1,1,1261.0,1,90.38,1,fault,1
2024-01-01T01:29:00,1,71.449,3.019,22.162,1,1,1147.4,1,115.07,0,normal,0
2024-01-01T01:30:00,1,67.778,2.648,23.36,1,1,1276.4,1,113.83,0,normal,0
2024-01-01T01:31:00,1,69.183,3.012,24.532,1,1,1367.6,1,94.85,0,normal,0
2024-01-01T01:32:00,1,69.705,3.476,24.067,1,1,1050.2,1,113.86,0,normal,0
2024-01-01T01:33:00,1,71.111,2.813,26.481,1,1,1169.7,1,89.94,0,normal,0
2024-01-01T01:34:00,1,68.266,3.036,24.143,1,1,1264.9,1,97.38,0,normal,0
2024-01-01T01:35:00,1,70.897,3.35,27.471,1,1,1103.9,1,81.2,0,normal,0
2024-01-01T01:36:00,1,71.773,3.147,26.8,1,1,1093.6,0,112.73,0,normal,0
2024-01-01T01:37:00,1,70.904,3.143,23.256,1,1,1397.2,1,110.03,0,normal,0
2024-01-01T01:38:00,1,70.262,2.699,24.835,1,0,0.0,1,98.33,0,normal,0
2024-01-01T01:39:00,1,69.788,3.067,25.925,1,1,1230.5,1,103.99,0,normal,0
2024-01-01T00:00:00,2,66.939,3.069,26.103,1,1,1224.8,1,109.98,0,normal,0
2024-01-01T00:01:00,2,69.034,3.261,27.219,1,1,1201.6,1,108.79,0,normal,0
2024-01-01T00:02:00,2,71.648,2.982,23.906,1,1,1062.9,1,106.7,0,normal,0
2024-01-01T00:03:00,2,70.758,2.63,27.163,1,1,1123.3,1,85.17,0,normal,0
2024-01-01T00:04:00,2,71.239,3.102,25.474,1,1,1350.7,0,104.4,0,normal,0
2024-01-01T00:05:00,2,72.091,3.356,25.304,1,1,1200.0,1,104.41,0,normal,0
2024-01-01T00:06:00,2,71.355,2.714,26.461,1,1,1167.1,1,116.51,0,normal,0
2024-01-01T00:07:00,2,70.875,2.627,24.694,1,1,1228.2,1,105.79,0,normal,0
2024-01-01T00:08:00,2,70.889,2.954,27.181,1,1,1083.8,1,93.45,0,normal,0
2024-01-01T00:09:00,2,69.845,2.941,23.328,1,0,0.0,1,96.91,0,normal,0
2024-01-01T00:10:00,2,72.871,3.073,24.773,1,1,1442.4,1,84.47,0,normal,0
2024-01-01T00:11:00,2,69.447,2.821,25.013,1,1,1496.0,0,100.66,0,warning,0
2024-01-01T00:12:00,2,71.947,3.373,26.695,1,1,1336.1,1,111.5,0,normal,0
2024-01-01T00:13:00,2,72.607,3.252,27.231,1,1,1446.5,1,115.16,0,warning,0
2024-01-01T00:14:00,2,70.704,2.703,25.675,1,1,1387.3,1,106.09,0,normal,0
2024-01-01T00:15:00,2,69.512,2.371,23.659,1,1,1046.4,1,109.51,0,normal,0
2024-01-01T00:16:00,2,69.822,3.001,27.578,1,1,1104.2,1,84.76,0,warning,0
2024-01-01T00:17:00,2,72.038,3.309,25.276,0,1,1326.8,1,95.72,0,normal,0
2024-01-01T00:18:00,2,65.098,2.575,23.219,1,1,1367.4,1,102.04,0,normal,0
2024-01-01T00:19:00,2,69.177,2.891,23.276,1,1,1209.3,1,113.06,0,normal,0
2024-01-01T00:20:00,2,70.732,3.125,23.019,1,1,1033.0,1,88.49,0,normal,0
2024-01-01T00:21:00,2,71.226,2.958,27.298,1,1,1029.7,1,103.43,0,normal,0
2024-01-01T00:22:00,2,72.97,2.683,23.016,1,1,1067.3,1,92.82,0,normal,0
2024-01-01T00:23:00,2,69.563,2.489,26.33,1,1,1464.8,1,84.3,1,fault,1
2024-01-01T00:24:00,2,67.609,3.397,24.933,1,1,1498.3,1,96.05,0,normal,0
2024-01-01T00:25:00,2,71.119,3.17,24.176,0,1,1246.8,0,95.23,0,normal,0
2024-01-01T00:26:00,2,70.053,3.171,25.927,1,1,1294.7,1,96.35,0,normal,0
2024-01-01T00:27:00,2,69.176,2.458,24.743,1,1,1284.0,1,106.35,0,normal,0
2024-01-01T00:28:00,2,71.549,2.988,27.609,1,1,1194.5,1,102.51,0,normal,0
2024-01-01T00:29:00,2,68.328,3.199,25.975,1,1,1472.8,1,116.96,0,normal,0
2024-01-01T00:30:00,2,63.801,2.886,25.546,1,1,1426.1,1,98.63,1,fault,1
2024-01-01T00:31:00,2,67.347,2.993,28.005,1,1,1080.3,1,99.86,0,normal,0
2024-01-01T00:32:00,2,66.849,2.802,23.264,1,1,1187.2,1,112.44,0,normal,0
2024-01-01T00:33:00,2,65.039,2.701,26.849,1,1,1059.2,1,113.51,0,normal,0
2024-01-01T00:34:00,2,73.672,2.939,25.564,1,1,1081.7,1,95.07,0,normal,0
2024-01-01T00:35:00,2,66.935,2.488,22.617,1,1,1172.1,1,117.89,1,fault,1
2024-01-01T00:36:00,2,73.719,3.141,25.987,1,1,1214.5,1,81.44,0,normal,0
2024-01-01T00:37:00,2,74.62,3.098,23.902,1,1,1022.6,0,113.5,0,normal,0
2024-01-01T00:38:00,2,68.826,2.54,24.436,0,1,1198.6,1,82.52,0,fault,1
2024-01-01T00:39:00,2,69.241,3.113,23.31,1,1,1353.9,1,119.04,0,normal,0
2024-01-01T00:40:00,2,69.951,3.109,25.834,1,1,1485.9,1,99.32,0,normal,0
2024-01-01T00:41:00,2,66.496,3.028,26.873,1,1,1223.0,0,104.49,0,warning,0
2024-01-01T00:42:00,2,66.258,3.559,25.904,1,1,1488.6,1,81.96,0,normal,0
2024-01-01T00:43:00,2,63.839,2.608,25.384,1,1,1100.9,1,104.71,0,fault,1
2024-01-01T00:44:00,2,72.736,2.744,28.344,1,1,1189.2,1,101.62,0,normal,0
2024-01-01T00:45:00,2,70.363,2.727,26.237,1,1,1084.4,0,87.52,0,normal,0
2024-01-01T00:46:00,2,70.474,2.975,24.34,0,1,1239.0,1,82.67,0,normal,0
2024-01-01T00:47:00,2,69.712,3.087,28.489,1,1,1237.8,1,112.89,0,normal,0
2024-01-01T00:48:00,2,72.934,2.966,28.449,1,1,1331.3,1,118.42,0,normal,0
2024-01-01T00:49:00,2,71.977,3.012,23.07,1,1,1372.6,1,87.94,0,normal,0
2024-01-01T00:50:00,2,69.618,2.951,28.144,0,1,1098.8,1,101.18,0,normal,0
2024-01-01T00:51:00,2,71.555,2.757,26.317,1,1,1136.7,1,85.09,0,normal,0
2024-01-01T00:52:00,2,69.293,2.669,25.484,1,1,1224.1,1,89.63,0,normal,0
2024-01-01T00:53:00,2,69.577,3.15,21.839,1,1,1136.4,1,97.55,0,normal,0
2024-01-01T00:54:00,2,66.635,3.063,23.928,1,1,1433.6,0,104.54,0,normal,0
2024-01-01T00:55:00,2,69.151,3.324,26.798,1,1,1247.2,1,102.73,0,normal,0
2024-01-01T00:56:00,2,74.018,2.712,26.124,1,0,0.0,1,92.57,0,normal,0
2024-01-01T00:57:00,2,72.728,2.929,22.329,1,1,1084.9,1,82.32,0,normal,0
2024-01-01T00:58:00,2,67.248,2.811,23.907,1,1,1132.4,0,85.6,0,normal,0
2024-01-01T00:59:00,2,68.12,2.81,23.255,1,1,1216.3,1,111.03,0,normal,0
2024-01-01T01:00:00,2,67.093,2.621,25.044,1,0,0.0,1,100.76,0,normal,0
2024-01-01T01:01:00,2,64.761,1.914,21.483,1,1,1205.0,1,114.47,1,fault,1
2024-01-01T01:02:00,2,70.756,3.136,25.481,0,1,1364.9,1,83.91,0,normal,0
2024-01-01T01:03:00,2,69.375,3.407,25.762,1,1,1401.4,1,90.97,0,normal,0
2024-01-01T01:04:00,2,68.644,3.16,29.371,1,1,1017.6,1,105.57,0,normal,0
2024-01-01T01:05:00,2,70.385,3.34,21.484,1,1,1433.7,1,104.76,0,normal,0
2024-01-01T01:06:00,2,70.566,3.325,22.352,1,1,1263.7,1,112.82,0,normal,0
2024-01-01T01:07:00,2,71.297,2.552,25.08,1,1,1197.6,1,116.53,0,normal,0
2024-01-01T01:08:00,2,69.229,2.929,22.649,1,0,0.0,0,119.37,0,normal,0
2024-01-01T01:09:00,2,73.597,3.357,23.956,1,1,1142.0,1,95.31,0,normal,0
2024-01-01T01:10:00,2,70.9,2.932,22.577,1,1,1414.8,1,88.81,0,normal,0
2024-01-01T01:11:00,2,72.457,2.808,25.96,1,1,1198.2,0,82.04,0,normal,0
2024-01-01T01:12:00,2,67.236,2.84,23.126,1,1,1122.8,1,81.09,0,normal,0
2024-01-01T01:13:00,2,70.283,2.302,25.355,1,1,1320.2,1,115.52,0,normal,0
2024-01-01T01:14:00,2,71.282,2.966,23.481,0,1,1166.1,1,88.47,0,warning,0
2024-01-01T01:15:00,2,68.675,3.577,26.691,1,1,1290.1,1,105.24,0,normal,0
2024-01-01T01:16:00,2,69.571,2.567,24.225,1,1,1084.9,1,90.43,0,normal,0
2024-01-01T01:17:00,2,71.013,2.606,26.007,1,1,1382.5,1,88.66,0,normal,0
2024-01-01T01:18:00,2,68.687,2.83,26.649,1,1,1305.2,1,85.4,0,normal,0
2024-01-01T01:19:00,2,68.74,2.683,23.422,1,1,1111.2,1,109.72,0,normal,0
2024-01-01T01:20:00,2,69.097,3.022,23.057,1,1,1464.0,1,101.15,0,normal,0
2024-01-01T01:21:00,2,71.618,3.029,21.345,0,1,1234.2,0,98.02,0,normal,0
2024-01-01T01:22:00,2,66.683,2.998,25.411,1,1,1016.1,1,86.17,0,normal,0
2024-01-01T01:23:00,2,69.921,3.133,24.543,1,1,1115.3,0,100.01,0,normal,0
2024-01-01T01:24:00,2,66.094,2.408,25.411,1,1,1291.2,0,119.61,0,normal,0
2024-01-01T01:25:00,2,65.785,3.231,26.833,1,1,1151.6,1,119.42,0,normal,0
2024-01-01T01:26:00,2,71.495,3.017,23.324,1,1,1252.8,1,96.33,0,normal,0
2024-01-01T01:27:00,2,68.825,3.003,26.318,1,1,1113.9,1,102.16,0,warning,0
2024-01-01T01:28:00,2,68.717,3.069,24.551,1,1,1290.9,1,113.95,0,normal,0
2024-01-01T01:29:00,2,71.311,2.675,27.119,1,1,1005.5,1,116.16,0,normal,0
2024-01-01T01:30:00,2,71.744,2.831,24.076,1,0,0.0,1,99.09,0,normal,0
2024-01-01T01:31:00,2,71.45,3.427,24.315,1,1,1322.0,1,111.07,0,normal,0
2024-01-01T01:32:00,2,72.049,2.765,23.295,1,1,1111.8,1,96.56,0,normal,0
2024-01-01T01:33:00,2,68.891,3.321,25.904,1,1,1476.0,1,110.52,0,normal,0
2024-01-01T01:34:00,2,68.439,3.153,25.828,1,1,1307.4,1,102.87,0,normal,0
2024-01-01T01:35:00,2,67.813,3.308,22.118,1,1,1156.1,0,109.32,0,normal,0
2024-01-01T01:36:00,2,66.562,2.879,23.705,1,1,1429.8,1,114.07,0,normal,0
2024-01-01T01:37:00,2,67.451,3.028,23.158,0,1,1044.2,1,93.59,0,warning,0
2024-01-01T01:38:00,2,70.113,3.074,22.335,1,1,1421.4,1,118.12,0,normal,0
2024-01-01T01:39:00,2,65.329,2.208,24.594,1,1,1023.7,1,85.59,1,fault,1
2024-01-01T00:00:00,3,69.528,2.908,25.157,1,1,1325.7,1,80.55,0,normal,0
2024-01-01T00:01:00,3,70.341,2.832,25.047,1,1,1010.9,1,93.79,0,normal,0
2024-01-01T00:02:00,3,65.781,2.564,25.347,1,1,1142.4,1,105.29,0,fault,1
2024-01-01T00:03:00,3,69.096,2.8,25.651,1,1,1493.8,1,98.1,0,normal,0
2024-01-01T00:04:00,3,67.471,3.533,25.988,1,1,1472.7,1,100.16,0,warning,0
2024-01-01T00:05:00,3,70.953,3.004,23.815,1,1,1429.8,1,91.18,0,normal,0
2024-01-01T00:06:00,3,69.044,3.392,24.26,1,1,1195.9,1,107.2,0,normal,0
2024-01-01T00:07:00,3,70.589,3.277,25.99,1,1,1180.6,1,102.88,0,normal,0
2024-01-01T00:08:00,3,67.754,3.23,23.163,1,1,1373.6,1,112.28,0,normal,0
2024-01-01T00:09:00,3,68.795,2.672,22.829,1,1,1259.6,1,87.12,0,normal,0
2024-01-01T00:10:00,3,66.061,2.341,24.487,1,1,1137.0,1,91.17,1,fault,1
2024-01-01T00:11:00,3,70.108,2.353,23.627,1,1,1101.1,1,119.63,0,normal,0
2024-01-01T00:12:00,3,69.064,2.811,25.702,1,1,1447.8,1,110.68,0,normal,0
2024-01-01T00:13:00,3,68.391,2.458,27.315,1,1,1328.1,1,110.81,0,normal,0
2024-01-01T00:14:00,3,67.905,2.761,25.317,1,1,1224.1,1,95.71,0,normal,0
2024-01-01T00:15:00,3,70.215,3.065,26.159,1,1,1208.9,1,100.11,0,normal,0
2024-01-01T00:16:00,3,68.952,3.127,26.603,1,0,0.0,0,113.53,0,normal,0
2024-01-01T00:17:00,3,71.693,3.096,26.889,1,1,1057.6,1,108.84,0,warning,0
2024-01-01T00:18:00,3,71.873,2.891,25.191,1,1,1059.3,0,115.79,0,normal,0
2024-01-01T00:19:00,3,68.381,3.203,23.884,1,1,1499.9,1,114.9,0,normal,0
2024-01-01T00:20:00,3,72.494,3.844,22.436,0,1,1177.6,1,96.65,0,normal,0
2024-01-01T00:21:00,3,70.103,3.144,25.762,1,1,1169.5,1,83.76,0,normal,0
2024-01-01T00:22:00,3,70.035,2.963,24.297,1,1,1148.4,1,94.76,0,normal,0
2024-01-01T00:23:00,3,66.287,2.946,25.021,1,1,1267.0,1,95.15,0,normal,0
2024-01-01T00:24:00,3,69.411,2.863,25.656,1,1,1349.2,0,98.34,0,warning,0
2024-01-01T00:25:00,3,70.028,3.003,24.853,1,1,1314.5,1,110.18,0,normal,0
2024-01-01T00:26:00,3,70.469,3.045,25.869,1,1,1210.1,1,93.56,0,normal,0
2024-01-01T00:27:00,3,67.912,2.988,24.865,1,1,1486.0,1,104.42,0,normal,0
2024-01-01T00:28:00,3,68.759,2.525,23.883,1,1,1474.4,1,98.87,0,normal,0
2024-01-01T00:29:00,3,67.635,3.1,25.37,1,1,1497.5,1,95.39,0,normal,0
2024-01-01T00:30:00,3,71.579,3.183,24.679,1,1,1016.3,1,96.13,0,warning,0
2024-01-01T00:31:00,3,63.872,2.617,27.829,1,1,1290.2,1,113.07,0,normal,0
2024-01-01T00:32:00,3,70.726,3.209,28.416,1,1,1085.2,1,109.12,0,normal,0
2024-01-01T00:33:00,3,71.855,3.772,23.875,1,1,1028.1,1,89.39,0,normal,0
2024-01-01T00:34:00,3,69.014,3.581,25.02,0,1,1415.4,1,99.11,0,normal,0
2024-01-01T00:35:00,3,70.733,2.914,25.607,1,1,1231.1,1,92.22,0,normal,0
2024-01-01T00:36:00,3,71.033,2.334,27.205,1,1,1423.8,1,86.02,0,warning,0
2024-01-01T00:37:00,3,65.169,3.23,26.252,1,1,1296.1,1,94.37,1,fault,1
2024-01-01T00:38:00,3,68.06,2.947,23.962,1,1,1298.2,1,110.12,0,normal,0
2024-01-01T00:39:00,3,65.627,3.045,25.486,1,1,1340.9,0,96.68,0,normal,0
2024-01-01T00:40:00,3,72.96,3.336,24.418,1,1,1061.9,1,110.61,0,warning,0
2024-01-01T00:41:00,3,65.122,3.151,23.951,1,1,1414.1,1,103.45,0,normal,0
2024-01-01T00:42:00,3,68.772,2.517,26.003,1,1,1498.8,1,88.1,0,normal,0
2024-01-01T00:43:00,3,67.68,2.867,24.725,1,1,1328.7,1,105.66,0,normal,0
2024-01-01T00:44:00,3,71.152,2.74,22.529,1,1,1436.5,1,83.62,0,normal,0
2024-01-01T00:45:00,3,67.117,3.333,27.035,1,1,1223.1,1,108.93,0,normal,0
2024-01-01T00:46:00,3,69.129,3.03,26.701,1,1,1252.6,1,84.23,0,normal,0
2024-01-01T00:47:00,3,70.205,2.927,23.563,1,1,1479.5,1,82.04,0,normal,0
2024-01-01T00:48:00,3,71.142,2.709,26.11,1,1,1016.9,1,118.02,0,normal,0
2024-01-01T00:49:00,3,69.194,3.162,23.759,1,1,1231.3,1,84.78,0,warning,0
2024-01-01T00:50:00,3,67.374,2.954,23.217,1,1,1081.6,1,94.72,0,normal,0
2024-01-01T00:51:00,3,69.134,3.098,25.876,1,1,1310.1,1,107.62,0,warning,0
2024-01-01T00:52:00,3,68.238,3.065,24.946,1,1,1253.6,1,93.59,0,normal,0
2024-01-01T00:53:00,3,69.995,3.245,23.947,1,1,1271.7,1,105.75,0,normal,0
2024-01-01T00:54:00,3,72.464,3.166,25.373,1,1,1308.8,1,109.87,0,normal,0
2024-01-01T00:55:00,3,69.386,2.82,27.56,1,0,0.0,1,110.04,0,normal,0
2024-01-01T00:56:00,3,66.577,2.935,27.673,1,1,1013.0,1,83.07,0,normal,0
2024-01-01T00:57:00,3,64.257,2.725,24.187,1,1,1383.8,1,106.1,1,fault,1
2024-01-01T00:58:00,3,68.269,2.513,25.922,0,0,0.0,1,98.27,0,normal,0
2024-01-01T00:59:00,3,64.376,3.006,22.398,1,1,1443.3,1,99.71,0,fault,1
2024-01-01T01:00:00,3,65.802,3.252,27.153,1,1,1438.7,0,89.13,0,normal,0
2024-01-01T01:01:00,3,70.403,3.132,22.286,1,1,1041.2,1,115.51,0,normal,0
2024-01-01T01:02:00,3,68.368,2.711,26.899,1,1,1358.3,1,102.99,0,normal,0
2024-01-01T01:03:00,3,70.165,3.423,25.464,1,1,1496.5,1,112.56,0,normal,0
2024-01-01T01:04:00,3,72.476,3.086,22.129,1,1,1420.3,1,95.76,0,normal,0
2024-01-01T01:05:00,3,68.014,2.941,26.241,1,1,1307.1,1,95.95,0,normal,0
2024-01-01T01:06:00,3,69.985,3.279,23.843,1,1,1400.3,1,86.14,0,normal,0
2024-01-01T01:07:00,3,72.706,3.44,23.775,1,1,1474.3,1,115.03,0,normal,0
2024-01-01T01:08:00,3,71.375,3.362,24.506,1,1,1344.4,1,95.51,0,normal,0
2024-01-01T01:09:00,3,72.894,2.953,27.461,1,1,1486.0,1,89.99,0,normal,0
2024-01-01T01:10:00,3,68.346,2.994,24.121,1,1,1256.1,1,94.21,0,normal,0
2024-01-01T01:11:00,3,67.142,2.873,25.178,1,1,1001.4,1,102.2,0,normal,0
2024-01-01T01:12:00,3,70.97,2.928,25.548,1,1,1046.6,1,87.0,0,normal,0
2024-01-01T01:13:00,3,68.62,2.554,25.212,1,1,1112.6,1,113.5,0,warning,0
2024-01-01T01:14:00,3,69.269,3.42,26.432,1,1,1326.4,0,84.02,0,normal,0
2024-01-01T01:15:00,3,67.372,2.463,24.736,1,0,0.0,1,115.5,1,fault,1
2024-01-01T01:16:00,3,67.72,2.958,25.101,1,1,1058.5,1,105.51,0,normal,0
2024-01-01T01:17:00,3,70.359,2.824,24.444,0,1,1417.9,1,109.59,0,normal,0
2024-01-01T01:18:00,3,69.075,2.992,24.396,1,1,1499.1,1,82.45,0,normal,0
2024-01-01T01:19:00,3,61.447,2.706,26.74,1,1,1022.5,1,107.74,1,fault,1
2024-01-01T01:20:00,3,61.762,2.434,26.619,1,1,1143.9,1,82.16,0,fault,1
2024-01-01T01:21:00,3,68.933,3.267,24.187,1,1,1111.0,1,98.51,0,normal,0
2024-01-01T01:22:00,3,69.511,2.951,24.359,1,1,1393.5,1,97.53,0,normal,0
2024-01-01T01:23:00,3,71.002,3.32,25.577,1,1,1190.1,1,112.6,0,normal,0
2024-01-01T01:24:00,3,68.428,2.845,26.651,1,1,1207.2,1,92.71,0,normal,0
2024-01-01T01:25:00,3,71.94,3.262,23.527,0,1,1310.7,1,80.81,0,normal,0
2024-01-01T01:26:00,3,63.731,2.291,24.369,1,1,1080.9,1,101.99,1,fault,1
2024-01-01T01:27:00,3,66.919,3.09,26.014,1,1,1073.3,0,104.71,0,normal,0
2024-01-01T01:28:00,3,68.17,3.294,26.456,1,1,1192.0,0,85.97,0,normal,0
2024-01-01T01:29:00,3,69.664,3.329,25.871,0,1,1352.2,1,101.34,0,normal,0
2024-01-01T01:30:00,3,69.69,3.429,27.053,1,1,1499.7,1,86.44,0,normal,0
2024-01-01T01:31:00,3,62.063,2.59,23.825,1,1,1297.1,1,102.53,0,fault,1
2024-01-01T01:32:00,3,66.313,2.797,23.39,1,1,1493.3,1,112.6,0,normal,0
2024-01-01T01:33:00,3,70.611,3.268,26.129,0,1,1076.8,1,85.92,0,normal,0
2024-01-01T01:34:00,3,68.365,3.126,24.859,1,1,1398.6,0,84.03,0,normal,0
2024-01-01T01:35:00,3,68.274,3.243,24.159,1,1,1234.6,1,85.13,0,normal,0
2024-01-01T01:36:00,3,67.602,3.163,24.273,1,1,1306.8,1,83.98,0,normal,0
2024-01-01T01:37:00,3,62.96,2.674,23.917,1,1,1395.4,1,92.38,1,fault,1
2024-01-01T01:38:00,3,67.299,2.907,23.881,0,1,1414.6,1,89.79,0,normal,0
2024-01-01T01:39:00,3,64.197,2.175,27.464,1,1,1146.5,1,110.48,1,fault,1
2024-01-01T00:00:00,4,71.452,3.351,23.245,1,1,1196.6,1,98.97,0,normal,0
2024-01-01T00:01:00,4,70.228,3.055,27.926,1,1,1395.0,1,90.16,0,normal,0
2024-01-01T00:02:00,4,68.637,3.609,24.951,1,1,1189.9,0,110.59,0,normal,0
2024-01-01T00:03:00,4,67.311,2.765,24.812,0,1,1443.3,1,105.94,0,normal,0
2024-01-01T00:04:00,4,69.106,3.063,27.379,1,1,1221.0,1,115.31,0,normal,0
2024-01-01T00:05:00,4,68.467,2.637,28.497,1,1,1482.0,1,108.94,0,normal,0
2024-01-01T00:06:00,4,69.075,2.408,26.59,1,1,1057.0,1,111.24,0,normal,0
2024-01-01T00:07:00,4,68.867,2.811,26.586,0,1,1458.0,1,118.58,0,normal,0
2024-01-01T00:08:00,4,63.476,2.349,25.02,0,1,1479.7,1,105.64,1,fault,1
2024-01-01T00:09:00,4,70.714,3.327,25.73,1,1,1355.6,1,98.05,0,normal,0
2024-01-01T00:10:00,4,69.016,3.06,24.44,1,1,1165.6,1,87.62,0,normal,0
2024-01-01T00:11:00,4,69.848,2.865,23.293,1,1,1049.2,1,108.85,0,normal,0
2024-01-01T00:12:00,4,70.341,2.913,25.006,1,1,1498.0,1,113.08,0,normal,0
2024-01-01T00:13:00,4,71.541,3.38,23.714,1,1,1176.9,1,87.45,0,normal,0
2024-01-01T00:14:00,4,63.955,2.259,26.109,0,0,0.0,1,104.03,1,fault,1
2024-01-01T00:15:00,4,63.432,2.948,23.299,0,1,1355.4,0,107.12,1,fault,1
2024-01-01T00:16:00,4,72.105,2.979,25.067,0,1,1245.8,1,82.31,0,warning,0
2024-01-01T00:17:00,4,71.559,3.086,26.123,1,1,1276.7,1,105.92,0,normal,0
2024-01-01T00:18:00,4,71.092,3.073,25.835,1,1,1458.3,1,117.13,0,normal,0
2024-01-01T00:19:00,4,63.753,2.242,23.313,1,1,1395.3,1,85.86,0,fault,1
2024-01-01T00:20:00,4,69.545,3.077,24.403,1,1,1380.0,1,85.56,0,normal,0
2024-01-01T00:21:00,4,70.837,2.96,24.088,1,1,1259.2,1,86.57,0,normal,0
2024-01-01T00:22:00,4,71.11,3.203,24.033,1,1,1459.6,1,84.59,0,normal,0
2024-01-01T00:23:00,4,71.953,3.012,26.165,0,1,1135.5,1,81.49,0,normal,0
2024-01-01T00:24:00,4,63.576,2.569,26.035,1,1,1035.9,1,93.55,1,fault,1
2024-01-01T00:25:00,4,70.173,2.646,24.826,0,1,1320.8,1,108.16,0,normal,0
2024-01-01T00:26:00,4,69.388,3.331,25.643,1,1,1137.8,1,87.63,0,normal,0
2024-01-01T00:27:00,4,71.408,2.692,26.525,1,1,1289.5,1,99.48,0,normal,0
2024-01-01T00:28:00,4,66.677,2.447,25.383,0,1,1128.0,0,108.75,0,warning,0
2024-01-01T00:29:00,4,64.102,2.853,23.387,0,1,1273.0,1,91.68,1,fault,1
2024-01-01T00:30:00,4,72.227,2.744,25.389,1,1,1353.8,1,104.17,0,normal,0
2024-01-01T00:31:00,4,72.299,2.987,22.892,0,1,1013.1,1,94.67,0,normal,0
2024-01-01T00:32:00,4,70.215,2.672,25.496,1,1,1078.8,1,100.12,0,normal,0
2024-01-01T00:33:00,4,72.163,2.902,24.734,1,1,1019.4,1,99.82,0,normal,0
2024-01-01T00:34:00,4,73.487,3.231,24.164,1,1,1292.6,1,92.59,0,normal,0
2024-01-01T00:35:00,4,69.566,3.083,24.258,1,1,1427.6,1,100.29,0,normal,0
2024-01-01T00:36:00,4,66.101,3.019,26.409,1,1,1461.2,1,88.11,1,fault,1
2024-01-01T00:37:00,4,68.988,3.194,24.739,1,1,1487.1,1,109.62,0,normal,0
2024-01-01T00:38:00,4,61.787,2.306,25.248,1,1,1261.7,0,115.12,0,fault,1
2024-01-01T00:39:00,4,70.038,2.99,22.172,1,1,1255.6,1,91.98,0,normal,0
2024-01-01T00:40:00,4,69.304,3.229,27.531,1,1,1329.5,1,86.17,0,normal,0
2024-01-01T00:41:00,4,65.13,2.526,26.239,1,1,1492.3,1,83.04,1,fault,1
2024-01-01T00:42:00,4,70.331,2.983,21.611,1,1,1020.2,1,115.16,0,normal,0
2024-01-01T00:43:00,4,70.249,2.923,22.696,1,1,1000.5,1,119.63,0,normal,0
2024-01-01T00:44:00,4,69.444,3.068,25.487,1,1,1003.4,1,110.05,0,normal,0
2024-01-01T00:45:00,4,68.978,2.678,22.41,1,1,1276.2,1,102.11,0,normal,0
2024-01-01T00:46:00,4,69.011,3.12,26.237,1,1,1419.2,1,108.0,0,normal,0
2024-01-01T00:47:00,4,73.342,3.148,24.939,1,1,1064.6,1,108.68,0,normal,0
2024-01-01T00:48:00,4,71.889,3.041,26.843,1,1,1359.1,1,99.86,0,normal,0
2024-01-01T00:49:00,4,71.05,3.563,26.189,0,0,0.0,1,104.38,0,normal,0
2024-01-01T00:50:00,4,70.2,2.915,27.888,1,1,1253.0,1,84.34,0,normal,0
2024-01-01T00:51:00,4,71.957,2.839,24.943,1,1,1352.6,1,89.13,0,normal,0
2024-01-01T00:52:00,4,68.114,2.932,26.158,1,1,1165.0,1,99.2,0,normal,0
2024-01-01T00:53:00,4,61.208,2.826,26.405,1,1,1146.2,1,99.93,0,fault,1
2024-01-01T00:54:00,4,69.554,3.341,25.028,0,1,1486.7,1,114.43,0,normal,0
2024-01-01T00:55:00,4,70.531,3.027,24.644,1,1,1161.2,1,112.8,0,normal,0
2024-01-01T00:56:00,4,72.159,2.931,25.892,1,1,1457.6,1,95.62,0,normal,0
2024-01-01T00:57:00,4,70.895,3.164,23.445,1,1,1022.2,0,114.78,0,normal,0
2024-01-01T00:58:00,4,69.391,3.134,24.91,1,1,1467.8,1,85.73,0,normal,0
2024-01-01T00:59:00,4,73.136,3.115,23.015,1,1,1301.3,1,94.62,0,normal,0
2024-01-01T01:00:00,4,67.329,3.281,24.498,1,1,1334.2,1,115.41,0,normal,0
2024-01-01T01:01:00,4,68.702,3.482,26.573,1,1,1294.5,1,112.89,0,normal,0
2024-01-01T01:02:00,4,69.495,2.937,25.615,1,1,1025.9,1,94.0,0,normal,0
2024-01-01T01:03:00,4,73.353,3.215,23.214,1,1,1158.8,1,86.34,0,normal,0
2024-01-01T01:04:00,4,68.783,2.431,25.509,1,1,1120.2,1,88.45,0,normal,0
2024-01-01T01:05:00,4,70.618,3.61,23.465,1,1,1395.3,1,92.88,0,normal,0
2024-01-01T01:06:00,4,69.247,3.748,24.359,1,1,1092.2,1,93.92,0,normal,0
2024-01-01T01:07:00,4,70.14,3.242,22.528,1,1,1376.0,1,91.98,0,warning,0
2024-01-01T01:08:00,4,61.295,2.659,26.787,1,1,1165.6,1,97.56,0,fault,1
2024-01-01T01:09:00,4,69.872,3.607,25.069,1,1,1365.1,1,117.39,0,normal,0
2024-01-01T01:10:00,4,69.657,2.613,24.605,1,1,1480.9,1,108.38,0,normal,0
2024-01-01T01:11:00,4,69.452,2.557,27.135,1,0,0.0,1,111.83,0,normal,0
2024-01-01T01:12:00,4,71.247,3.104,24.651,1,1,1125.1,1,92.38,0,normal,0
2024-01-01T01:13:00,4,64.662,1.925,25.014,1,1,1130.8,1,117.11,1,fault,1
2024-01-01T01:14:00,4,67.278,3.592,23.429,1,1,1256.3,1,106.48,0,normal,0
2024-01-01T01:15:00,4,67.9,3.08,23.181,1,1,1352.2,1,110.32,0,normal,0
2024-01-01T01:16:00,4,67.566,2.163,23.951,1,1,1480.1,1,93.96,1,fault,1
2024-01-01T01:17:00,4,71.045,2.93,24.732,1,1,1324.5,1,96.61,0,normal,0
2024-01-01T01:18:00,4,63.436,2.142,26.154,1,1,1333.0,1,117.43,0,fault,1
2024-01-01T01:19:00,4,69.798,3.416,25.343,1,1,1213.9,1,107.43,0,normal,0
2024-01-01T01:20:00,4,70.142,2.866,24.268,1,1,1135.4,1,117.42,0,normal,0
2024-01-01T01:21:00,4,75.599,2.89,22.5,1,1,1342.8,1,111.8,0,normal,0
2024-01-01T01:22:00,4,69.545,2.851,24.702,1,1,1118.1,1,96.96,0,normal,0
2024-01-01T01:23:00,4,69.87,3.351,26.387,1,1,1353.1,1,98.8,0,warning,0
2024-01-01T01:24:00,4,72.181,2.719,23.64,1,1,1310.1,1,94.83,0,normal,0
2024-01-01T01:25:00,4,68.65,2.035,24.506,1,0,0.0,1,108.7,0,fault,1
2024-01-01T01:26:00,4,67.046,2.949,22.511,1,1,1127.4,1,106.53,0,normal,0
2024-01-01T01:27:00,4,71.966,2.212,23.752,1,1,1096.2,1,112.41,0,normal,0
2024-01-01T01:28:00,4,72.297,2.78,24.906,1,1,1255.7,1,114.62,0,normal,0
2024-01-01T01:29:00,4,69.342,2.923,26.281,1,1,1108.9,1,93.84,0,normal,0
2024-01-01T01:30:00,4,72.862,3.085,25.867,1,1,1265.7,1,100.41,0,warning,0
2024-01-01T01:31:00,4,70.172,2.3,24.859,1,1,1036.5,1,87.64,0,normal,0
2024-01-01T01:32:00,4,70.183,2.438,23.276,1,1,1212.7,0,117.77,0,normal,0
2024-01-01T01:33:00,4,61.568,2.072,25.626,1,1,1157.8,1,107.79,1,fault,1
2024-01-01T01:34:00,4,67.443,3.121,23.315,1,0,0.0,1,87.88,0,warning,0
2024-01-01T01:35:00,4,68.489,3.017,23.528,1,1,1220.5,1,89.37,0,normal,0
2024-01-01T01:36:00,4,66.255,1.92,22.948,0,0,0.0,1,92.94,1,fault,1
2024-01-01T01:37:00,4,61.764,3.134,22.608,1,1,1178.6,1,89.64,1,fault,1
2024-01-01T01:38:00,4,65.526,2.927,24.525,1,1,1086.2,0,81.72,0,normal,0
2024-01-01T01:39:00,4,70.025,3.267,26.185,1,1,1096.7,1,116.09,0,normal,0
2024-01-01T00:00:00,5,70.793,3.063,26.8,0,1,1177.5,1,101.85,0,normal,0
2024-01-01T00:01:00,5,71.406,3.371,24.924,1,1,1376.8,1,116.99,0,normal,0
2024-01-01T00:02:00,5,69.185,3.008,21.996,0,1,1273.6,1,113.13,0,normal,0
2024-01-01T00:03:00,5,69.09,2.928,23.794,0,1,1080.8,1,84.75,0,normal,0
2024-01-01T00:04:00,5,73.402,2.799,25.444,1,1,1209.8,1,81.16,0,normal,0
2024-01-01T00:05:00,5,67.264,2.758,24.067,1,1,1364.6,1,101.61,0,normal,0
2024-01-01T00:06:00,5,68.619,3.181,23.982,1,1,1418.0,1,88.77,0,normal,0
2024-01-01T00:07:00,5,74.478,3.429,24.539,1,1,1279.9,1,116.3,0,warning,0
2024-01-01T00:08:00,5,73.446,3.051,24.83,1,1,1385.4,1,110.71,0,normal,0
2024-01-01T00:09:00,5,66.915,2.734,23.553,0,1,1443.5,1,119.86,0,normal,0
2024-01-01T00:10:00,5,71.19,2.783,25.242,1,1,1213.7,1,100.37,0,warning,0
2024-01-01T00:11:00,5,67.113,2.711,24.776,1,1,1016.7,1,98.98,0,normal,0
2024-01-01T00:12:00,5,63.917,2.572,25.564,1,1,1219.0,1,103.23,1,fault,1
2024-01-01T00:13:00,5,72.127,2.804,24.057,1,1,1430.0,1,105.55,0,normal,0
2024-01-01T00:14:00,5,64.685,2.352,27.124,0,1,1497.8,1,111.56,1,fault,1
2024-01-01T00:15:00,5,71.721,3.023,24.444,1,1,1349.7,1,116.75,0,normal,0
2024-01-01T00:16:00,5,65.123,2.17,23.223,1,1,1276.2,1,91.19,1,fault,1
2024-01-01T00:17:00,5,65.342,2.167,27.776,1,1,1052.9,1,109.85,0,fault,1
2024-01-01T00:18:00,5,71.117,2.807,25.821,1,1,1224.7,1,102.7,0,normal,0
2024-01-01T00:19:00,5,71.465,2.7,25.535,1,1,1167.2,1,88.74,0,normal,0
2024-01-01T00:20:00,5,68.467,3.105,24.893,0,1,1366.2,1,82.69,0,normal,0
2024-01-01T00:21:00,5,76.908,3.086,24.429,1,1,1254.4,1,90.53,0,normal,0
2024-01-01T00:22:00,5,67.909,2.513,23.742,1,1,1265.4,1,82.83,1,fault,1
2024-01-01T00:23:00,5,67.344,3.16,22.982,1,1,1408.5,1,100.47,0,normal,0
2024-01-01T00:24:00,5,71.214,3.022,23.881,1,1,1021.0,1,114.27,0,normal,0
2024-01-01T00:25:00,5,70.158,2.575,28.534,1,1,1078.1,0,88.66,0,normal,0
2024-01-01T00:26:00,5,71.644,3.173,23.495,1,1,1201.5,1,103.57,0,normal,0
2024-01-01T00:27:00,5,66.022,3.162,28.18,1,1,1062.8,1,93.77,0,normal,0
2024-01-01T00:28:00,5,70.601,3.166,24.8,1,1,1309.8,0,111.51,0,normal,0
2024-01-01T00:29:00,5,73.246,3.163,29.907,1,1,1275.5,1,109.66,0,normal,0
2024-01-01T00:30:00,5,72.325,3.211,23.559,1,1,1035.2,1,81.0,0,normal,0
2024-01-01T00:31:00,5,70.062,2.745,23.427,0,1,1438.6,1,113.29,0,normal,0
2024-01-01T00:32:00,5,64.465,2.27,25.724,1,0,0.0,1,109.67,1,fault,1
2024-01-01T00:33:00,5,70.584,3.336,24.3,1,1,1073.3,1,91.36,0,normal,0
2024-01-01T00:34:00,5,67.458,2.675,25.592,1,1,1448.1,1,100.88,0,normal,0
2024-01-01T00:35:00,5,72.817,2.238,26.197,1,1,1360.1,1,88.04,0,normal,0
2024-01-01T00:36:00,5,69.116,2.528,23.701,1,1,1078.5,1,111.92,0,normal,0
2024-01-01T00:37:00,5,64.113,2.729,23.916,0,1,1437.5,1,94.85,1,fault,1
2024-01-01T00:38:00,5,70.653,3.011,25.065,1,1,1255.3,1,87.21,0,normal,0
2024-01-01T00:39:00,5,68.568,3.03,22.757,1,1,1014.9,1,116.08,0,normal,0
2024-01-01T00:40:00,5,73.674,2.642,27.293,1,1,1150.9,1,92.59,0,normal,0
2024-01-01T00:41:00,5,65.923,3.337,24.878,1,1,1010.1,1,118.95,0,normal,0
2024-01-01T00:42:00,5,69.601,2.656,25.133,1,1,1412.3,1,96.59,0,normal,0
2024-01-01T00:43:00,5,70.705,3.102,24.445,1,0,0.0,0,91.14,0,normal,0
2024-01-01T00:44:00,5,61.891,2.223,23.296,1,1,1485.1,1,105.44,0,fault,1
2024-01-01T00:45:00,5,73.89,3.094,25.712,1,1,1266.8,1,114.02,0,normal,0
2024-01-01T00:46:00,5,65.365,2.784,23.387,1,1,1385.3,1,98.2,1,fault,1
2024-01-01T00:47:00,5,69.903,2.86,23.972,1,1,1160.7,1,100.63,0,normal,0
2024-01-01T00:48:00,5,72.857,2.959,26.12,1,1,1122.6,1,96.55,0,normal,0
2024-01-01T00:49:00,5,72.313,3.23,22.867,1,1,1275.4,1,92.68,0,normal,0
2024-01-01T00:50:00,5,69.894,2.503,25.793,1,1,1183.1,1,81.19,0,normal,0
2024-01-01T00:51:00,5,68.075,3.1,21.763,1,1,1141.9,1,107.33,0,warning,0
2024-01-01T00:52:00,5,70.013,2.769,24.63,1,1,1351.9,0,89.71,0,normal,0
2024-01-01T00:53:00,5,70.424,3.115,24.92,1,1,1287.9,1,115.05,0,normal,0
2024-01-01T00:54:00,5,68.366,3.089,23.875,1,1,1037.7,1,111.62,0,normal,0
2024-01-01T00:55:00,5,70.779,3.065,24.937,0,1,1441.8,1,99.87,0,normal,0
2024-01-01T00:56:00,5,69.36,3.528,23.645,1,1,1198.7,1,116.92,0,normal,0
2024-01-01T00:57:00,5,69.0,2.554,26.628,1,1,1486.6,1,92.15,0,normal,0
2024-01-01T00:58:00,5,71.211,2.921,24.746,1,1,1256.1,1,117.54,0,normal,0
2024-01-01T00:59:00,5,66.522,2.683,25.478,1,1,1223.6,1,90.85,0,normal,0
2024-01-01T01:00:00,5,67.863,2.673,25.435,1,1,1000.5,1,81.56,1,fault,1
2024-01-01T01:01:00,5,71.381,3.317,25.409,1,1,1401.3,1,84.98,0,normal,0
2024-01-01T01:02:00,5,70.273,2.754,26.492,1,1,1458.2,1,83.32,0,normal,0
2024-01-01T01:03:00,5,71.583,2.623,25.966,1,1,1140.6,1,85.69,0,normal,0
2024-01-01T01:04:00,5,71.284,3.134,24.846,1,0,0.0,1,98.12,0,normal,0
2024-01-01T01:05:00,5,68.204,2.268,24.284,1,1,1334.3,1,99.14,0,normal,0
2024-01-01T01:06:00,5,71.012,3.45,22.44,1,1,1148.5,1,97.12,0,normal,0
2024-01-01T01:07:00,5,70.727,3.227,26.303,0,1,1096.9,1,103.61,0,normal,0
2024-01-01T01:08:00,5,71.115,2.965,25.284,1,1,1168.3,1,90.37,0,normal,0
2024-01-01T01:09:00,5,68.668,2.835,27.488,1,1,1373.0,1,81.98,0,normal,0
2024-01-01T01:10:00,5,71.692,3.552,25.583,1,1,1018.2,1,104.69,0,normal,0
2024-01-01T01:11:00,5,62.644,2.494,23.201,1,1,1272.4,1,119.58,1,fault,1
2024-01-01T01:12:00,5,69.962,2.987,23.747,1,1,1136.2,1,102.79,0,normal,0
2024-01-01T01:13:00,5,69.104,3.044,24.874,1,1,1037.5,1,83.28,0,normal,0
2024-01-01T01:14:00,5,68.611,3.756,26.329,1,0,0.0,1,109.98,0,normal,0
2024-01-01T01:15:00,5,71.116,3.045,25.413,0,1,1090.7,1,99.17,0,normal,0
2024-01-01T01:16:00,5,68.754,2.814,24.026,1,1,1364.8,1,103.79,0,normal,0
2024-01-01T01:17:00,5,70.531,2.777,24.818,0,1,1008.0,1,100.02,0,normal,0
2024-01-01T01:18:00,5,66.375,3.081,26.088,1,1,1201.1,1,96.56,0,normal,0
2024-01-01T01:19:00,5,72.219,2.735,24.125,1,1,1413.3,1,80.43,0,normal,0
2024-01-01T01:20:00,5,69.898,2.893,25.371,1,1,1150.7,1,106.24,0,normal,0
2024-01-01T01:21:00,5,74.484,2.328,24.417,1,1,1474.8,1,105.21,0,warning,0
2024-01-01T01:22:00,5,69.79,2.976,24.718,1,1,1057.6,1,89.51,0,normal,0
2024-01-01T01:23:00,5,71.011,2.571,27.677,1,1,1277.2,1,107.22,0,normal,0
2024-01-01T01:24:00,5,70.602,3.482,26.809,1,1,1422.7,1,107.8,0,normal,0
2024-01-01T01:25:00,5,73.677,2.898,25.981,1,1,1240.5,1,100.25,0,normal,0
2024-01-01T01:26:00,5,72.455,2.745,25.47,1,1,1286.1,1,84.87,0,normal,0
2024-01-01T01:27:00,5,63.779,3.22,24.856,0,1,1407.5,1,106.72,0,normal,0
2024-01-01T01:28:00,5,70.051,3.163,24.978,1,1,1108.1,1,108.67,0,normal,0
2024-01-01T01:29:00,5,70.134,2.884,24.974,1,1,1181.9,1,105.27,0,normal,0
2024-01-01T01:30:00,5,69.058,2.798,27.205,1,1,1297.6,1,106.22,0,normal,0
2024-01-01T01:31:00,5,67.369,2.416,23.369,1,1,1429.3,1,94.44,0,normal,0
2024-01-01T01:32:00,5,70.375,2.699,22.696,1,1,1185.2,1,81.25,0,normal,0
2024-01-01T01:33:00,5,69.357,2.94,28.056,1,1,1232.6,1,112.48,0,normal,0
2024-01-01T01:34:00,5,66.808,3.179,25.999,1,1,1316.6,1,116.78,0,normal,0
2024-01-01T01:35:00,5,62.625,2.454,22.972,1,1,1084.2,1,94.13,1,fault,1
2024-01-01T01:36:00,5,68.917,3.082,24.058,1,1,1387.0,1,108.08,0,normal,0
2024-01-01T01:37:00,5,71.119,2.56,23.347,1,1,1253.3,1,104.03,0,normal,0
2024-01-01T01:38:00,5,65.836,3.021,25.039,1,1,1217.4,1,103.68,0,warning,0
2024-01-01T01:39:00,5,63.449,2.55,25.535,1,1,1447.9,1,115.38,0,fault,1
